method,timeout,depth,train_data,test_data,complexity_penalty,time,train_r2,test_r2,leaves,terminal_calls
cart,900,5,airfoil_train_0,airfoil_test_0,0.0,0.34043145179748535,0.6737625140092802,0.5959384686174107,32,-1
cart,900,5,airfoil_train_1,airfoil_test_1,0.0,0.2586817741394043,0.6599722244853163,0.5723525492603196,29,-1
cart,900,5,airfoil_train_2,airfoil_test_2,0.0,0.2139890193939209,0.6890818451234548,0.6319603530634569,32,-1
cart,900,5,airfoil_train_3,airfoil_test_3,0.0,0.21957015991210938,0.6812341068903996,0.6387571950034885,32,-1
cart,900,5,airfoil_train_4,airfoil_test_4,0.0,0.2693965435028076,0.709174635287118,0.6230337608509664,32,-1
cart,900,5,auction_train_0,auction_test_0,0.0,0.19666767120361328,0.9610696646844235,0.9619205142248827,20,-1
cart,900,5,auction_train_1,auction_test_1,0.0,0.23864221572875977,0.960968682507648,0.9615197565521562,20,-1
cart,900,5,auction_train_2,auction_test_2,0.0,0.27469897270202637,0.9600921354648316,0.96586631454103,20,-1
cart,900,5,auction_train_3,auction_test_3,0.0,0.24968218803405762,0.9319505347865167,0.88100742399959,20,-1
cart,900,5,auction_train_4,auction_test_4,0.0,0.23940467834472656,0.9603703534371983,0.9623157424500826,20,-1
cart,900,5,auto_mpg_train_0,auto_mpg_test_0,0.0,0.4797840118408203,0.9269522916834932,0.8371364214483968,27,-1
cart,900,5,auto_mpg_train_1,auto_mpg_test_1,0.0,0.2602269649505615,0.9172739960797897,0.7443832309193097,29,-1
cart,900,5,auto_mpg_train_2,auto_mpg_test_2,0.0,0.20290374755859375,0.9332435997953445,0.8206634885006612,27,-1
cart,900,5,auto_mpg_train_3,auto_mpg_test_3,0.0,0.2469468116760254,0.8978595505538594,0.7585143574278392,13,-1
cart,900,5,auto_mpg_train_4,auto_mpg_test_4,0.0,0.19890522956848145,0.8404339078448702,0.6679580691631202,6,-1
cart,900,5,enb-cool_train_0,enb-cool_test_0,0.0,0.3760833740234375,0.9651146714459196,0.9596365050873915,30,-1
cart,900,5,enb-cool_train_1,enb-cool_test_1,0.0,0.2423081398010254,0.9641097618702206,0.9623269321387472,28,-1
cart,900,5,enb-cool_train_2,enb-cool_test_2,0.0,0.2509169578552246,0.9654890929245665,0.9555027059183893,31,-1
cart,900,5,enb-cool_train_3,enb-cool_test_3,0.0,0.18398332595825195,0.9637829777456701,0.9625966809541638,30,-1
cart,900,5,enb-cool_train_4,enb-cool_test_4,0.0,0.1780991554260254,0.9629939424773464,0.950959067642015,21,-1
cart,900,5,enb-heat_train_0,enb-heat_test_0,0.0,0.3725602626800537,0.9902729439888363,0.9893867188261941,30,-1
cart,900,5,enb-heat_train_1,enb-heat_test_1,0.0,0.2423849105834961,0.9898784011515761,0.9867939427306203,27,-1
cart,900,5,enb-heat_train_2,enb-heat_test_2,0.0,0.20323872566223145,0.9905526771386848,0.9892486920001847,30,-1
cart,900,5,enb-heat_train_3,enb-heat_test_3,0.0,0.28156185150146484,0.9900058441712909,0.991573018584312,30,-1
cart,900,5,enb-heat_train_4,enb-heat_test_4,0.0,0.2455897331237793,0.9907943071241762,0.9875693524392074,30,-1
cart,900,5,optical_train_0,optical_test_0,0.0,0.20457673072814941,0.9995613988214509,0.9539544772287927,6,-1
cart,900,5,optical_train_1,optical_test_1,0.0,0.31760621070861816,0.9952950206551471,0.9640148018557861,6,-1
cart,900,5,optical_train_2,optical_test_2,0.0,0.23758983612060547,0.999991196478985,0.9758534147255743,7,-1
cart,900,5,optical_train_3,optical_test_3,0.0,0.2332305908203125,0.9999943843128014,0.9871261127804257,9,-1
cart,900,5,optical_train_4,optical_test_4,0.0,0.3336930274963379,0.9999945223211636,0.9193093179484807,9,-1
cart,900,5,real-estate_train_0,real-estate_test_0,0.0,0.24580955505371094,0.8571945390055414,0.6855651092986319,24,-1
cart,900,5,real-estate_train_1,real-estate_test_1,0.0,0.2065443992614746,0.8567330133985496,0.7927504644120843,24,-1
cart,900,5,real-estate_train_2,real-estate_test_2,0.0,0.24305176734924316,0.8153914510567033,0.682116219353446,13,-1
cart,900,5,real-estate_train_3,real-estate_test_3,0.0,0.42658138275146484,0.857951334879187,0.6462969825803153,25,-1
cart,900,5,real-estate_train_4,real-estate_test_4,0.0,0.25905466079711914,0.8125465157989747,0.47308414475307536,11,-1
cart,900,5,seoul-bike_train_0,seoul-bike_test_0,0.0,0.8133587837219238,0.7283749542743514,0.7247535120449091,29,-1
cart,900,5,seoul-bike_train_1,seoul-bike_test_1,0.0,0.7296628952026367,0.7297703876705497,0.7232630920693971,29,-1
cart,900,5,seoul-bike_train_2,seoul-bike_test_2,0.0,0.8177313804626465,0.7224761326377103,0.7288831119990876,28,-1
cart,900,5,seoul-bike_train_3,seoul-bike_test_3,0.0,0.7477297782897949,0.7258102715564242,0.7337861567781496,30,-1
cart,900,5,seoul-bike_train_4,seoul-bike_test_4,0.0,0.6960558891296387,0.7216967135879324,0.7005329770219613,28,-1
cart,900,5,servo_train_0,servo_test_0,0.0,0.20786356925964355,0.9678903114859047,0.21802598522332117,15,-1
cart,900,5,servo_train_1,servo_test_1,0.0,0.34789586067199707,0.940587084502174,0.9511851525643679,11,-1
cart,900,5,servo_train_2,servo_test_2,0.0,0.2143404483795166,0.958618670244817,0.9026163963535463,18,-1
cart,900,5,servo_train_3,servo_test_3,0.0,0.29473328590393066,0.963594280598545,0.8264307971764313,26,-1
cart,900,5,servo_train_4,servo_test_4,0.0,0.19073963165283203,0.9506959667001266,0.9776891262213978,26,-1
cart,900,5,sync_train_0,sync_test_0,0.0,0.18757367134094238,0.9989098386714648,0.9982749566128152,31,-1
cart,900,5,sync_train_1,sync_test_1,0.0,0.3671870231628418,0.9988972495984988,0.9984905557321606,31,-1
cart,900,5,sync_train_2,sync_test_2,0.0,0.36682724952697754,0.9989139524283127,0.9983788590238337,31,-1
cart,900,5,sync_train_3,sync_test_3,0.0,0.36909008026123047,0.9988778659174865,0.9985091632703075,31,-1
cart,900,5,sync_train_4,sync_test_4,0.0,0.21460294723510742,0.9988257455360444,0.9987305945502118,31,-1
cart,900,5,yacht_train_0,yacht_test_0,0.0,0.31554508209228516,0.9978487102930567,0.992054896628123,22,-1
cart,900,5,yacht_train_1,yacht_test_1,0.0,0.1711869239807129,0.9984324991570994,0.9930376228746254,23,-1
cart,900,5,yacht_train_2,yacht_test_2,0.0,0.23006582260131836,0.9977628842488785,0.9925310111100117,22,-1
cart,900,5,yacht_train_3,yacht_test_3,0.0,0.18462848663330078,0.9986368600876224,0.9929467460619884,26,-1
cart,900,5,yacht_train_4,yacht_test_4,0.0,0.23527312278747559,0.9951939753367318,0.99176222149003,12,-1
guide,900,5,airfoil_train_0,airfoil_test_0,0.0,0.5162,0.6575435519839448,0.5580582872322075,23,-1
guide,900,5,airfoil_train_1,airfoil_test_1,0.0,0.4976,0.6726490213428542,0.619626392586293,22,-1
guide,900,5,airfoil_train_2,airfoil_test_2,0.0,0.4933,0.6626605700509482,0.6172516029252564,23,-1
guide,900,5,airfoil_train_3,airfoil_test_3,0.0,0.5366,0.5964820791784646,0.5523079439668382,13,-1
guide,900,5,airfoil_train_4,airfoil_test_4,0.0,0.5355,0.6611529617336274,0.5885062613901038,21,-1
guide,900,5,auction_train_0,auction_test_0,0.0,0.5974,0.8922798518743134,0.9079716374231247,10,-1
guide,900,5,auction_train_1,auction_test_1,0.0,0.5755,0.8991434511944665,0.89611186698964,11,-1
guide,900,5,auction_train_2,auction_test_2,0.0,0.5995,0.9089169169958184,0.9198312920426954,12,-1
guide,900,5,auction_train_3,auction_test_3,0.0,0.6035,0.9067294035516845,0.853919621362092,10,-1
guide,900,5,auction_train_4,auction_test_4,0.0,0.6081,0.9077359193055864,0.884221071835032,11,-1
guide,900,5,auto_mpg_train_0,auto_mpg_test_0,0.0,0.1865,0.9082814799733672,0.8217265382282097,20,-1
guide,900,5,auto_mpg_train_1,auto_mpg_test_1,0.0,0.166,0.867374477456957,0.8317089782309137,15,-1
guide,900,5,auto_mpg_train_2,auto_mpg_test_2,0.0,0.1898,0.8771575624810821,0.8287919532709747,13,-1
guide,900,5,auto_mpg_train_3,auto_mpg_test_3,0.0,0.1898,0.8902914559926935,0.7985059045283657,13,-1
guide,900,5,auto_mpg_train_4,auto_mpg_test_4,0.0,0.1703,0.885067313915129,0.713356578938657,15,-1
guide,900,5,enb-cool_train_0,enb-cool_test_0,0.0,0.3127,0.9499686285056356,0.9501794225454174,14,-1
guide,900,5,enb-cool_train_1,enb-cool_test_1,0.0,0.3241,0.9532416145137361,0.9469342497437623,15,-1
guide,900,5,enb-cool_train_2,enb-cool_test_2,0.0,0.3055,0.9410039314228615,0.9306613473890495,13,-1
guide,900,5,enb-cool_train_3,enb-cool_test_3,0.0,0.322,0.9540275021052181,0.9495245675248678,16,-1
guide,900,5,enb-cool_train_4,enb-cool_test_4,0.0,0.3157,0.9556424502405176,0.9565227892275006,16,-1
guide,900,5,enb-heat_train_0,enb-heat_test_0,0.0,0.3103,0.9704253559699398,0.9751426215359844,18,-1
guide,900,5,enb-heat_train_1,enb-heat_test_1,0.0,0.3076,0.9605727962976549,0.9477261485422757,11,-1
guide,900,5,enb-heat_train_2,enb-heat_test_2,0.0,0.3045,0.9715895622568574,0.9711501051892384,18,-1
guide,900,5,enb-heat_train_3,enb-heat_test_3,0.0,0.3144,0.972039455861495,0.9692800348296828,18,-1
guide,900,5,enb-heat_train_4,enb-heat_test_4,0.0,0.3188,0.9740147980525526,0.9640677363954709,19,-1
guide,900,5,optical_train_0,optical_test_0,0.0,0.285,0.8043802807497547,0.865584011920683,5,-1
guide,900,5,optical_train_1,optical_test_1,0.0,0.2926,0.8100055438351972,0.833488064391515,5,-1
guide,900,5,optical_train_2,optical_test_2,0.0,0.2942,0.7840132444193646,0.8536857887453162,5,-1
guide,900,5,optical_train_3,optical_test_3,0.0,0.2623,0.8081780905324281,0.9761926759843572,5,-1
guide,900,5,optical_train_4,optical_test_4,0.0,0.2818,0.8106279266306453,0.9989852527395019,5,-1
guide,900,5,real-estate_train_0,real-estate_test_0,0.0,0.1761,0.6742648768525004,0.6989700578097733,7,-1
guide,900,5,real-estate_train_1,real-estate_test_1,0.0,0.2013,0.6785998329933056,0.6754567758987408,7,-1
guide,900,5,real-estate_train_2,real-estate_test_2,0.0,0.1949,0.6964577646276681,0.5697856739304603,7,-1
guide,900,5,real-estate_train_3,real-estate_test_3,0.0,0.22,0.655782454952232,0.7555419850996724,6,-1
guide,900,5,real-estate_train_4,real-estate_test_4,0.0,0.2003,0.7088032505756503,0.4227472796958913,6,-1
guide,900,5,seoul-bike_train_0,seoul-bike_test_0,0.0,5.17,0.6193432097334404,0.6179226171757908,16,-1
guide,900,5,seoul-bike_train_1,seoul-bike_test_1,0.0,4.943,0.6125636839339768,0.6001905751404639,15,-1
guide,900,5,seoul-bike_train_2,seoul-bike_test_2,0.0,5.052,0.6202312592081232,0.6273453908551956,17,-1
guide,900,5,seoul-bike_train_3,seoul-bike_test_3,0.0,5.012,0.6367175469126432,0.6388558093199036,19,-1
guide,900,5,seoul-bike_train_4,seoul-bike_test_4,0.0,4.888,0.6129803878204414,0.6224204966071731,14,-1
guide,900,5,servo_train_0,servo_test_0,0.0,0.04295,0.042353551877862494,-0.07999647192217174,2,-1
guide,900,5,servo_train_1,servo_test_1,0.0,0.04101,-1.9639779269553514e-07,-0.0009857808476274599,1,-1
guide,900,5,servo_train_2,servo_test_2,0.0,0.04005,-1.1323642779004217e-07,-3.5960848139726664e-05,1,-1
guide,900,5,servo_train_3,servo_test_3,0.0,0.0441,-5.943779957107154e-08,-0.0006171946732560496,1,-1
guide,900,5,servo_train_4,servo_test_4,0.0,0.04637,-1.3125438536043532e-07,-1.5250125764421085e-06,1,-1
guide,900,5,sync_train_0,sync_test_0,0.0,0.2171,0.9984851204807809,0.9975675898994398,28,-1
guide,900,5,sync_train_1,sync_test_1,0.0,0.2227,0.9985546256831244,0.9981740401202245,29,-1
guide,900,5,sync_train_2,sync_test_2,0.0,0.2165,0.9979345124511221,0.9973773235993736,25,-1
guide,900,5,sync_train_3,sync_test_3,0.0,0.2131,0.998451795124562,0.9978361071329882,28,-1
guide,900,5,sync_train_4,sync_test_4,0.0,0.2306,0.9983810195110304,0.998249235305609,28,-1
guide,900,5,yacht_train_0,yacht_test_0,0.0,0.1513,0.9959775448800093,0.9819443852066025,16,-1
guide,900,5,yacht_train_1,yacht_test_1,0.0,0.1508,0.995723420280799,0.9909070565265057,17,-1
guide,900,5,yacht_train_2,yacht_test_2,0.0,0.153,0.9959288399796935,0.9910529063280072,18,-1
guide,900,5,yacht_train_3,yacht_test_3,0.0,0.1472,0.9952979751257959,0.9909159955835248,13,-1
guide,900,5,yacht_train_4,yacht_test_4,0.0,0.1622,0.9886594494434422,0.989655442827755,8,-1
guide_l,900,4,airfoil_train_0,airfoil_test_0,0.0,0.7352,0.8966885963043765,0.8768661255319922,13,-1
guide_l,900,4,airfoil_train_1,airfoil_test_1,0.0,0.7484,0.9049354233064648,0.8729670175547568,14,-1
guide_l,900,4,airfoil_train_2,airfoil_test_2,0.0,0.727,0.907811780613542,0.8468286237955315,14,-1
guide_l,900,4,airfoil_train_3,airfoil_test_3,0.0,0.7641,0.9041150716786228,0.8710068337092975,14,-1
guide_l,900,4,airfoil_train_4,airfoil_test_4,0.0,0.7489,0.8999026424843578,0.8647223023460168,13,-1
guide_l,900,4,auction_train_0,auction_test_0,0.0,0.8713,0.9637456169848301,0.9633084945545529,8,-1
guide_l,900,4,auction_train_1,auction_test_1,0.0,0.8406,0.964547715683182,0.9580494517845872,8,-1
guide_l,900,4,auction_train_2,auction_test_2,0.0,0.8909,0.9620262864737498,0.9707962822616805,8,-1
guide_l,900,4,auction_train_3,auction_test_3,0.0,0.8452,0.9598756378336553,0.946298963553976,7,-1
guide_l,900,4,auction_train_4,auction_test_4,0.0,0.8935,0.9635757179404308,0.9639730103767842,8,-1
guide_l,900,4,auto_mpg_train_0,auto_mpg_test_0,0.0,0.5969,0.8704488835182838,0.857455129195898,2,-1
guide_l,900,4,auto_mpg_train_1,auto_mpg_test_1,0.0,0.4838,0.8925366340314201,0.873320594146734,3,-1
guide_l,900,4,auto_mpg_train_2,auto_mpg_test_2,0.0,0.5645,0.871531526425639,0.8607184518101475,2,-1
guide_l,900,4,auto_mpg_train_3,auto_mpg_test_3,0.0,0.5234,0.8758139789607386,0.8436486375849559,2,-1
guide_l,900,4,auto_mpg_train_4,auto_mpg_test_4,0.0,0.5862,0.8784629478723287,0.8067948350497696,2,-1
guide_l,900,4,enb-cool_train_0,enb-cool_test_0,0.0,0.353,0.967979600819324,0.9693159063065019,5,-1
guide_l,900,4,enb-cool_train_1,enb-cool_test_1,0.0,0.3982,0.9678171896299055,0.9663163397420219,4,-1
guide_l,900,4,enb-cool_train_2,enb-cool_test_2,0.0,0.3757,0.9698722858734552,0.9684572423143994,6,-1
guide_l,900,4,enb-cool_train_3,enb-cool_test_3,0.0,0.3531,0.9706717376937267,0.9658054041339403,6,-1
guide_l,900,4,enb-cool_train_4,enb-cool_test_4,0.0,0.3397,0.9694302121310895,0.963207633416508,5,-1
guide_l,900,4,enb-heat_train_0,enb-heat_test_0,0.0,0.3508,0.9979857478597085,0.997723587658199,10,-1
guide_l,900,4,enb-heat_train_1,enb-heat_test_1,0.0,0.358,0.9977227139696863,0.9967718917454877,10,-1
guide_l,900,4,enb-heat_train_2,enb-heat_test_2,0.0,0.3532,0.9979467713848968,0.9966756063016199,10,-1
guide_l,900,4,enb-heat_train_3,enb-heat_test_3,0.0,0.3521,0.9975533072817452,0.9975236285045618,9,-1
guide_l,900,4,enb-heat_train_4,enb-heat_test_4,0.0,0.3449,0.9975255820942992,0.9978737064418751,10,-1
guide_l,900,4,optical_train_0,optical_test_0,0.0,0.8002,0.9797717222196913,0.8699715642680453,5,-1
guide_l,900,4,optical_train_1,optical_test_1,0.0,0.762,0.9581917011570772,0.7715658922028806,13,-1
guide_l,900,4,optical_train_2,optical_test_2,0.0,0.8304,0.9723992272250404,0.9319829611322001,5,-1
guide_l,900,4,optical_train_3,optical_test_3,0.0,0.6685,0.9871910203642396,0.9717137744108881,5,-1
guide_l,900,4,optical_train_4,optical_test_4,0.0,0.6716,0.9688568737747142,0.8297828032084016,5,-1
guide_l,900,4,real-estate_train_0,real-estate_test_0,0.0,0.7192,0.6720029697309489,0.7081122214842269,2,-1
guide_l,900,4,real-estate_train_1,real-estate_test_1,0.0,0.6778,0.61511991402786,0.7616974793319976,2,-1
guide_l,900,4,real-estate_train_2,real-estate_test_2,0.0,0.7963,0.6549749166837613,0.5723574843583823,2,-1
guide_l,900,4,real-estate_train_3,real-estate_test_3,0.0,0.5951,0.7120724814438655,0.6702733435022241,3,-1
guide_l,900,4,real-estate_train_4,real-estate_test_4,0.0,0.4765,0.8439462557355958,0.41755004704528564,8,-1
guide_l,900,4,seoul-bike_train_0,seoul-bike_test_0,0.0,36.09,0.8068995503254301,0.8039218352135806,14,-1
guide_l,900,4,seoul-bike_train_1,seoul-bike_test_1,0.0,35.34,0.7698511136828117,0.767715393720678,10,-1
guide_l,900,4,seoul-bike_train_2,seoul-bike_test_2,0.0,35.39,0.8045578182315504,0.7830837577190339,12,-1
guide_l,900,4,seoul-bike_train_3,seoul-bike_test_3,0.0,35.68,0.800159472874861,0.8124212615566757,13,-1
guide_l,900,4,seoul-bike_train_4,seoul-bike_test_4,0.0,35.06,0.8064043215445148,0.804888260997664,13,-1
guide_l,900,4,servo_train_0,servo_test_0,0.0,0.04606,0.08692686194031085,-0.15991878997802056,2,-1
guide_l,900,4,servo_train_1,servo_test_1,0.0,0.04473,-1.9639779269553514e-07,-0.0009857808476274599,1,-1
guide_l,900,4,servo_train_2,servo_test_2,0.0,0.05253,-1.1323642779004217e-07,-3.5960848139726664e-05,1,-1
guide_l,900,4,servo_train_3,servo_test_3,0.0,0.04428,-5.943779957107154e-08,-0.0006171946732560496,1,-1
guide_l,900,4,servo_train_4,servo_test_4,0.0,0.04773,-1.3125438536043532e-07,-1.5250125764421085e-06,1,-1
guide_l,900,4,sync_train_0,sync_test_0,0.0,0.5622,0.9450962058684393,0.9330749159734116,10,-1
guide_l,900,4,sync_train_1,sync_test_1,0.0,0.5647,0.9773383445647242,0.9778965469285775,10,-1
guide_l,900,4,sync_train_2,sync_test_2,0.0,0.5706,0.9766576427683802,0.9790386427150435,11,-1
guide_l,900,4,sync_train_3,sync_test_3,0.0,0.5804,0.9530624057372461,0.9493021442147194,8,-1
guide_l,900,4,sync_train_4,sync_test_4,0.0,0.569,0.9793310291264811,0.978304254226984,10,-1
guide_l,900,4,yacht_train_0,yacht_test_0,0.0,0.2132,0.9962051845515589,0.9939384235377128,5,-1
guide_l,900,4,yacht_train_1,yacht_test_1,0.0,0.1876,0.9938886342800548,0.9897792035559381,3,-1
guide_l,900,4,yacht_train_2,yacht_test_2,0.0,0.188,0.9976387931151545,0.9974823744755928,5,-1
guide_l,900,4,yacht_train_3,yacht_test_3,0.0,0.1866,0.9977903823289338,0.9964339519053464,5,-1
guide_l,900,4,yacht_train_4,yacht_test_4,0.0,0.189,0.9928076156737489,0.9954448738874191,3,-1
iai,900,5,airfoil_train_0,airfoil_test_0,0.0,35.2902615070343,0.7719192852323465,0.7101087204411779,32,-1
iai,900,5,airfoil_train_1,airfoil_test_1,0.0,25.46502113342285,0.7681441443390786,0.6776802222415044,32,-1
iai,900,5,airfoil_train_2,airfoil_test_2,0.0,24.02625560760498,0.7639631603318596,0.65810935768896,27,-1
iai,900,5,airfoil_train_3,airfoil_test_3,0.0,20.157405614852905,0.7638989972646366,0.7126277508883567,32,-1
iai,900,5,airfoil_train_4,airfoil_test_4,0.0,21.713908433914185,0.7513038482857017,0.6843549747929561,25,-1
iai,900,5,auction_train_0,auction_test_0,0.0,20.125807285308838,0.9709025991004978,0.9745218484639099,19,-1
iai,900,5,auction_train_1,auction_test_1,0.0,19.552504062652588,0.9698041038111926,0.9724043936051414,20,-1
iai,900,5,auction_train_2,auction_test_2,0.0,27.898087739944458,0.9692651641580227,0.97485136793492,19,-1
iai,900,5,auction_train_3,auction_test_3,0.0,19.90241003036499,0.9706363653565082,0.9699383630338397,23,-1
iai,900,5,auction_train_4,auction_test_4,0.0,19.053836584091187,0.9692239083010523,0.9642267792574664,14,-1
iai,900,5,auto_mpg_train_0,auto_mpg_test_0,0.0,16.363378524780273,0.9398155857308327,0.7793257697966802,27,-1
iai,900,5,auto_mpg_train_1,auto_mpg_test_1,0.0,11.47463321685791,0.9403508797691871,0.8551210341902736,31,-1
iai,900,5,auto_mpg_train_2,auto_mpg_test_2,0.0,11.582275152206421,0.9453464044872295,0.7984725753236366,32,-1
iai,900,5,auto_mpg_train_3,auto_mpg_test_3,0.0,10.56191611289978,0.9295484522812532,0.8575909483720836,20,-1
iai,900,5,auto_mpg_train_4,auto_mpg_test_4,0.0,10.498074293136597,0.8761662438630353,0.711504836342207,9,-1
iai,900,5,enb-cool_train_0,enb-cool_test_0,0.0,12.673691272735596,0.9650225308844367,0.958739285852809,23,-1
iai,900,5,enb-cool_train_1,enb-cool_test_1,0.0,12.819999933242798,0.9653165516236545,0.9542593215096209,23,-1
iai,900,5,enb-cool_train_2,enb-cool_test_2,0.0,12.390863180160522,0.9689623339305192,0.9626011732650808,31,-1
iai,900,5,enb-cool_train_3,enb-cool_test_3,0.0,11.598610162734985,0.9681927873067342,0.9598352014006625,28,-1
iai,900,5,enb-cool_train_4,enb-cool_test_4,0.0,13.042578220367432,0.9652890094232883,0.9555099023686022,21,-1
iai,900,5,enb-heat_train_0,enb-heat_test_0,0.0,12.013519048690796,0.9915909523519427,0.9916453460120569,30,-1
iai,900,5,enb-heat_train_1,enb-heat_test_1,0.0,17.794102907180786,0.9918207214825839,0.9919750368760792,26,-1
iai,900,5,enb-heat_train_2,enb-heat_test_2,0.0,13.927459716796875,0.9897259450875849,0.9891536179607376,21,-1
iai,900,5,enb-heat_train_3,enb-heat_test_3,0.0,12.976255178451538,0.9914199738218792,0.992440786414382,30,-1
iai,900,5,enb-heat_train_4,enb-heat_test_4,0.0,12.236554145812988,0.9898479016575066,0.9878901696240884,23,-1
iai,900,5,household_train_0,household_test_0,0.0,10800.0,-1,-1,-1,-1
iai,900,5,optical_train_0,optical_test_0,0.0,9.354101419448853,0.9911166340793144,0.952928598627063,4,-1
iai,900,5,optical_train_1,optical_test_1,0.0,11.479507446289062,0.9999923632565441,0.9640148018557861,8,-1
iai,900,5,optical_train_2,optical_test_2,0.0,8.117371082305908,0.9723983059998634,0.9319826526665245,3,-1
iai,900,5,optical_train_3,optical_test_3,0.0,7.49291467666626,0.967171499590257,0.8249298799491015,3,-1
iai,900,5,optical_train_4,optical_test_4,0.0,8.736057043075562,0.996076408443841,0.9544372898657262,5,-1
iai,900,5,real-estate_train_0,real-estate_test_0,0.0,10.448059797286987,0.6516666542546412,0.6040095328661779,4,-1
iai,900,5,real-estate_train_1,real-estate_test_1,0.0,15.887532234191895,0.8864667963253225,0.7561493166706543,30,-1
iai,900,5,real-estate_train_2,real-estate_test_2,0.0,12.618860006332397,0.7301265178158511,0.604873383280763,6,-1
iai,900,5,real-estate_train_3,real-estate_test_3,0.0,11.421754360198975,0.8868064929098567,0.6667907142500358,30,-1
iai,900,5,real-estate_train_4,real-estate_test_4,0.0,12.490829944610596,0.8871299656798907,0.49322530854334,29,-1
iai,900,5,seoul-bike_train_0,seoul-bike_test_0,0.0,159.04649329185486,0.753376404632032,0.7473802945761996,27,-1
iai,900,5,seoul-bike_train_1,seoul-bike_test_1,0.0,154.45969080924988,0.75465517319995,0.7406535325223018,25,-1
iai,900,5,seoul-bike_train_2,seoul-bike_test_2,0.0,153.43273639678955,0.7511351203230392,0.7273012923475521,30,-1
iai,900,5,seoul-bike_train_3,seoul-bike_test_3,0.0,150.5917739868164,0.746851778992365,0.7573286798077343,26,-1
iai,900,5,seoul-bike_train_4,seoul-bike_test_4,0.0,139.05149722099304,0.7563948870101375,0.731871474026399,28,-1
iai,900,5,servo_train_0,servo_test_0,0.0,8.354066848754883,0.9846096917734857,0.2662780495639111,17,-1
iai,900,5,servo_train_1,servo_test_1,0.0,7.646899223327637,0.98927817625689,0.962883065389486,22,-1
iai,900,5,servo_train_2,servo_test_2,0.0,12.510730266571045,0.9855542126871154,0.8975054285743721,18,-1
iai,900,5,servo_train_3,servo_test_3,0.0,13.547342538833618,0.9861202813053309,0.9038129507738044,20,-1
iai,900,5,servo_train_4,servo_test_4,0.0,8.853758335113525,0.9848618115933251,0.8662852132725284,20,-1
iai,900,5,sync_train_0,sync_test_0,0.0,19.02625846862793,0.9983508669875988,0.9975242764974652,25,-1
iai,900,5,sync_train_1,sync_test_1,0.0,20.10170316696167,0.9985934111135405,0.9981191229715726,27,-1
iai,900,5,sync_train_2,sync_test_2,0.0,13.477419137954712,0.998718063247529,0.9982084228516863,28,-1
iai,900,5,sync_train_3,sync_test_3,0.0,15.34142518043518,0.9988002208977261,0.9983215194683814,29,-1
iai,900,5,sync_train_4,sync_test_4,0.0,12.942655324935913,0.9986977434891237,0.9983295835230642,28,-1
iai,900,5,yacht_train_0,yacht_test_0,0.0,8.81156063079834,0.998594305873755,0.9830347557071981,25,-1
iai,900,5,yacht_train_1,yacht_test_1,0.0,8.821578025817871,0.9954946406465381,0.9897921756569537,13,-1
iai,900,5,yacht_train_2,yacht_test_2,0.0,9.262943029403687,0.9985948511320244,0.9929433805597679,26,-1
iai,900,5,yacht_train_3,yacht_test_3,0.0,8.72640585899353,0.9985621395433064,0.9927828877473078,25,-1
iai,900,5,yacht_train_4,yacht_test_4,0.0,8.80019736289978,0.9986419281426914,0.9930324918114468,26,-1
iai_l,900,4,airfoil_train_0,airfoil_test_0,0.0,49.183515310287476,0.9181670294079358,0.8676794743621203,14.0,-1
iai_l,900,4,airfoil_train_1,airfoil_test_1,0.0,82.26048541069031,0.9201967529481657,0.8774559126312999,14.0,-1
iai_l,900,4,airfoil_train_2,airfoil_test_2,0.0,53.45538568496704,0.9175762113152917,0.893428290396562,14.0,-1
iai_l,900,4,airfoil_train_3,airfoil_test_3,0.0,47.87258982658386,0.9067564786894171,0.8831408397049343,11.0,-1
iai_l,900,4,airfoil_train_4,airfoil_test_4,0.0,50.865137577056885,0.9116311575998972,0.8955437242210863,13.0,-1
iai_l,900,4,auction_train_0,auction_test_0,0.0,88.4003849029541,0.9405250376720172,0.9467196649137101,6.0,-1
iai_l,900,4,auction_train_1,auction_test_1,0.0,97.29899096488953,0.9552827498895395,0.9466902117587565,6.0,-1
iai_l,900,4,auction_train_2,auction_test_2,0.0,77.83354234695435,0.9553036180150161,0.9589508726438446,11.0,-1
iai_l,900,4,auction_train_3,auction_test_3,0.0,97.33138871192932,0.9517285133432561,0.9298242726339292,12.0,-1
iai_l,900,4,auction_train_4,auction_test_4,0.0,66.72772765159607,0.9449669033770907,0.938768160475112,10.0,-1
iai_l,900,4,auto_mpg_train_0,auto_mpg_test_0,0.0,27.73200297355652,0.8778170896824757,0.8593250125305557,2.0,-1
iai_l,900,4,auto_mpg_train_1,auto_mpg_test_1,0.0,18.225284099578857,0.8787422240298131,0.8515997498621252,2.0,-1
iai_l,900,4,auto_mpg_train_2,auto_mpg_test_2,0.0,17.766457557678223,0.8777978883057732,0.8574941745652189,2.0,-1
iai_l,900,4,auto_mpg_train_3,auto_mpg_test_3,0.0,26.776129007339478,0.8684485700436615,0.824016642042767,2.0,-1
iai_l,900,4,auto_mpg_train_4,auto_mpg_test_4,0.0,18.722899198532104,0.885179325986945,0.806028085900981,2.0,-1
iai_l,900,4,enb-cool_train_0,enb-cool_test_0,0.0,61.207348585128784,0.9659826415850816,0.9692252467951921,3.0,-1
iai_l,900,4,enb-cool_train_1,enb-cool_test_1,0.0,69.79342579841614,0.966143470026822,0.9675990771896895,3.0,-1
iai_l,900,4,enb-cool_train_2,enb-cool_test_2,0.0,69.1768229007721,0.9670840566521274,0.9648440676052962,3.0,-1
iai_l,900,4,enb-cool_train_3,enb-cool_test_3,0.0,63.65610337257385,0.9673756219430444,0.9641262469718976,3.0,-1
iai_l,900,4,enb-cool_train_4,enb-cool_test_4,0.0,89.69223284721375,0.9666742556431394,0.9654336068701668,3.0,-1
iai_l,900,4,enb-heat_train_0,enb-heat_test_0,0.0,50.36132454872131,0.9854032004749991,0.987990963708323,3.0,-1
iai_l,900,4,enb-heat_train_1,enb-heat_test_1,0.0,68.24513030052185,0.990812824289968,0.988805133387982,4.0,-1
iai_l,900,4,enb-heat_train_2,enb-heat_test_2,0.0,91.82782196998596,0.9857321959442006,0.9855764307177796,3.0,-1
iai_l,900,4,enb-heat_train_3,enb-heat_test_3,0.0,41.45671772956848,0.9909411785315814,0.9883805574974271,5.0,-1
iai_l,900,4,enb-heat_train_4,enb-heat_test_4,0.0,94.6290295124054,0.9855283565551384,0.9875932937040401,3.0,-1
iai_l,900,4,household_train_0,household_test_0,0.0,10800.0,-1,-1,-1,-1
iai_l,900,4,optical_train_0,optical_test_0,0.0,36.7656569480896,0.8140782371239524,0.8922663055588467,2.0,-1
iai_l,900,4,optical_train_1,optical_test_1,0.0,26.935749769210815,0.7689939619026187,0.7813825629870352,2.0,-1
iai_l,900,4,optical_train_2,optical_test_2,0.0,32.00702929496765,0.7560362562533576,0.8685989917138365,2.0,-1
iai_l,900,4,optical_train_3,optical_test_3,0.0,45.5875768661499,0.8061050587516178,0.42094624463015495,2.0,-1
iai_l,900,4,optical_train_4,optical_test_4,0.0,26.517296314239502,0.09255211020229259,-0.031055308765228773,1.0,-1
iai_l,900,4,real-estate_train_0,real-estate_test_0,0.0,30.05673575401306,0.6952792155556565,0.7051688673046803,3.0,-1
iai_l,900,4,real-estate_train_1,real-estate_test_1,0.0,21.61165499687195,0.7102743446582092,0.7293461120203205,4.0,-1
iai_l,900,4,real-estate_train_2,real-estate_test_2,0.0,20.64851665496826,0.5888117483228549,0.5439748562509363,1.0,-1
iai_l,900,4,real-estate_train_3,real-estate_test_3,0.0,31.875611543655396,0.6849498580983501,0.6571016461319665,2.0,-1
iai_l,900,4,real-estate_train_4,real-estate_test_4,0.0,23.790133953094482,0.7397775502021035,0.49508742734059985,2.0,-1
iai_l,900,4,seoul-bike_train_0,seoul-bike_test_0,0.0,1676.1935496330261,0.7945219470679958,0.8020837326742406,13.0,-1
iai_l,900,4,seoul-bike_train_1,seoul-bike_test_1,0.0,2508.100439310074,0.8023706331214111,0.7792801203278863,11.0,-1
iai_l,900,4,seoul-bike_train_2,seoul-bike_test_2,0.0,1307.9587888717651,0.8058690826884478,0.797140628577434,9.0,-1
iai_l,900,4,seoul-bike_train_3,seoul-bike_test_3,0.0,1599.0817666053772,0.787391006485805,0.7949453514258866,7.0,-1
iai_l,900,4,seoul-bike_train_4,seoul-bike_test_4,0.0,1629.9571146965027,0.7988708049850143,0.8050773900041176,9.0,-1
iai_l,900,4,servo_train_0,servo_test_0,0.0,14.115662813186646,0.7446343512029737,0.1155379429355261,4.0,-1
iai_l,900,4,servo_train_1,servo_test_1,0.0,21.91009783744812,0.7245468842941394,0.629931313489479,5.0,-1
iai_l,900,4,servo_train_2,servo_test_2,0.0,13.607998609542847,0.7365429020131171,0.7599615501113199,4.0,-1
iai_l,900,4,servo_train_3,servo_test_3,0.0,16.544084787368774,0.678728261802833,0.3489098591937426,5.0,-1
iai_l,900,4,servo_train_4,servo_test_4,0.0,15.376035928726196,0.5902490063879897,0.6607252681172966,2.0,-1
iai_l,900,4,sync_train_0,sync_test_0,0.0,18.823500871658325,0.9999999832601482,0.9999999831889111,1.0,-1
iai_l,900,4,sync_train_1,sync_test_1,0.0,15.808920621871948,0.999999982974847,0.9999999835640903,1.0,-1
iai_l,900,4,sync_train_2,sync_test_2,0.0,13.873331308364868,0.9999999835531611,0.9999999824746026,1.0,-1
iai_l,900,4,sync_train_3,sync_test_3,0.0,19.935397624969482,0.9999999837010409,0.9999999840769486,1.0,-1
iai_l,900,4,sync_train_4,sync_test_4,0.0,14.538709878921509,0.9999999828731015,0.9999999824337251,1.0,-1
iai_l,900,4,yacht_train_0,yacht_test_0,0.0,22.473089456558228,0.9774398378389503,0.9618261437345366,2.0,-1
iai_l,900,4,yacht_train_1,yacht_test_1,0.0,15.969141006469727,0.9868580480052889,0.9855781418585994,2.0,-1
iai_l,900,4,yacht_train_2,yacht_test_2,0.0,16.154139757156372,0.9876010316252839,0.9806943222540334,2.0,-1
iai_l,900,4,yacht_train_3,yacht_test_3,0.0,15.860016345977783,0.9781330629786842,0.9789682971942566,2.0,-1
iai_l,900,4,yacht_train_4,yacht_test_4,0.0,14.375304937362671,0.9772456372269942,0.9844241310107416,2.0,-1
lr,900,5,airfoil_train_0,airfoil_test_0,0.0,0.19846391677856445,0.5056238760942691,0.5494533925874601,1,-1
lr,900,5,airfoil_train_1,airfoil_test_1,0.0,0.15399694442749023,0.5166605058757381,0.510823043979832,1,-1
lr,900,5,airfoil_train_2,airfoil_test_2,0.0,0.10789299011230469,0.5225998067161031,0.4864868369446752,1,-1
lr,900,5,airfoil_train_3,airfoil_test_3,0.0,0.19972538948059082,0.5183545613377596,0.503458221635489,1,-1
lr,900,5,airfoil_train_4,airfoil_test_4,0.0,0.09378647804260254,0.5240433137680988,0.4807130437189223,1,-1
lr,900,5,auction_train_0,auction_test_0,0.0,0.13580727577209473,0.3698362831022758,0.42245991491183854,1,-1
lr,900,5,auction_train_1,auction_test_1,0.0,0.11132264137268066,0.37720981714408464,0.3929504662487979,1,-1
lr,900,5,auction_train_2,auction_test_2,0.0,0.1352524757385254,0.3808194425444341,0.3788083153708447,1,-1
lr,900,5,auction_train_3,auction_test_3,0.0,0.11945247650146484,0.3844941214215881,0.36293078122229827,1,-1
lr,900,5,auction_train_4,auction_test_4,0.0,0.17699956893920898,0.3868018721066512,0.35398793271065043,1,-1
lr,900,5,auto_mpg_train_0,auto_mpg_test_0,0.0,0.08890962600708008,0.8222670841575073,0.8068174595646068,1,-1
lr,900,5,auto_mpg_train_1,auto_mpg_test_1,0.0,0.1034245491027832,0.8152730181379825,0.8329640986547762,1,-1
lr,900,5,auto_mpg_train_2,auto_mpg_test_2,0.0,0.10478639602661133,0.8154537985385033,0.8433810261265169,1,-1
lr,900,5,auto_mpg_train_3,auto_mpg_test_3,0.0,0.2130279541015625,0.8259483141929428,0.797394510738828,1,-1
lr,900,5,auto_mpg_train_4,auto_mpg_test_4,0.0,0.1308457851409912,0.8245121336044736,0.8016583522765617,1,-1
lr,900,5,enb-cool_train_0,enb-cool_test_0,0.0,0.17591238021850586,0.8858985409868564,0.8948132372807093,1,-1
lr,900,5,enb-cool_train_1,enb-cool_test_1,0.0,0.3769400119781494,0.8845803886551845,0.8994336134041032,1,-1
lr,900,5,enb-cool_train_2,enb-cool_test_2,0.0,0.5012431144714355,0.8873808685141834,0.8887811189477814,1,-1
lr,900,5,enb-cool_train_3,enb-cool_test_3,0.0,0.21939444541931152,0.8863485206136544,0.8929788761233617,1,-1
lr,900,5,enb-cool_train_4,enb-cool_test_4,0.0,0.18300175666809082,0.8850223093465204,0.8983476398013966,1,-1
lr,900,5,enb-heat_train_0,enb-heat_test_0,0.0,0.34034156799316406,0.9140374853851884,0.9242850874884572,1,-1
lr,900,5,enb-heat_train_1,enb-heat_test_1,0.0,0.17984485626220703,0.9138530770032055,0.9253007069764982,1,-1
lr,900,5,enb-heat_train_2,enb-heat_test_2,0.0,0.23645520210266113,0.915694271532301,0.917225297516474,1,-1
lr,900,5,enb-heat_train_3,enb-heat_test_3,0.0,0.18232512474060059,0.9201041905617715,0.8987656881366815,1,-1
lr,900,5,enb-heat_train_4,enb-heat_test_4,0.0,0.2712852954864502,0.9150537470835776,0.9204073642343791,1,-1
lr,900,5,optical_train_0,optical_test_0,0.0,0.560816764831543,0.2777214684922188,0.41075328850249504,1,-1
lr,900,5,optical_train_1,optical_test_1,0.0,0.8071143627166748,0.29575614424537355,0.3438555146483534,1,-1
lr,900,5,optical_train_2,optical_test_2,0.0,0.1479799747467041,0.25605837001608733,0.360138084374775,1,-1
lr,900,5,optical_train_3,optical_test_3,0.0,0.1370530128479004,0.32854479637255296,0.22152212724893727,1,-1
lr,900,5,optical_train_4,optical_test_4,0.0,0.6581394672393799,0.3365201511388547,0.11164461151737604,1,-1
lr,900,5,real-estate_train_0,real-estate_test_0,0.0,0.247314453125,0.572540993677476,0.6224481246709832,1,-1
lr,900,5,real-estate_train_1,real-estate_test_1,0.0,0.10193181037902832,0.5489843260101356,0.7273229037751882,1,-1
lr,900,5,real-estate_train_2,real-estate_test_2,0.0,0.11097002029418945,0.5888106824133945,0.5443193644550468,1,-1
lr,900,5,real-estate_train_3,real-estate_test_3,0.0,0.10719180107116699,0.5711906997141731,0.6248169613450899,1,-1
lr,900,5,real-estate_train_4,real-estate_test_4,0.0,0.08588051795959473,0.6510828116065988,0.36202967787662266,1,-1
lr,900,5,seoul-bike_train_0,seoul-bike_test_0,0.0,22.068486213684082,0.5475224310713978,0.5616400628677582,1,-1
lr,900,5,seoul-bike_train_1,seoul-bike_test_1,0.0,11.613097429275513,0.5500731217202559,0.551278861921358,1,-1
lr,900,5,seoul-bike_train_2,seoul-bike_test_2,0.0,41.575531244277954,0.5491832470277431,0.5551389368681476,1,-1
lr,900,5,seoul-bike_train_3,seoul-bike_test_3,0.0,14.629249811172485,0.5470309883844118,0.5623834347802051,1,-1
lr,900,5,seoul-bike_train_4,seoul-bike_test_4,0.0,26.978068113327026,0.5491375901433564,0.5550298542089133,1,-1
lr,900,5,servo_train_0,servo_test_0,0.0,0.5481269359588623,0.6086950564950168,0.3373213152949325,1,-1
lr,900,5,servo_train_1,servo_test_1,0.0,0.4048335552215576,0.5569519237991154,0.49047822821347475,1,-1
lr,900,5,servo_train_2,servo_test_2,0.0,0.1608734130859375,0.5514925022281145,0.5227577619100785,1,-1
lr,900,5,servo_train_3,servo_test_3,0.0,0.16788959503173828,0.5470935571507289,0.5514821614048937,1,-1
lr,900,5,servo_train_4,servo_test_4,0.0,0.2286982536315918,0.5917681679048401,0.3236378818386979,1,-1
lr,900,5,sync_train_0,sync_test_0,0.0,0.08342957496643066,0.9999998938173497,0.9999998988063169,1,-1
lr,900,5,sync_train_1,sync_test_1,0.0,0.17240595817565918,0.9999998981577072,0.9999998992455991,1,-1
lr,900,5,sync_train_2,sync_test_2,0.0,0.13269901275634766,0.9999998951897132,0.9999998938235,1,-1
lr,900,5,sync_train_3,sync_test_3,0.0,0.12955069541931152,0.9999998903581988,0.9999998837970945,1,-1
lr,900,5,sync_train_4,sync_test_4,0.0,0.14917278289794922,0.9999998940450318,0.9999998860724942,1,-1
lr,900,5,yacht_train_0,yacht_test_0,0.0,0.12952971458435059,0.6660681755524178,0.616726417579122,1,-1
lr,900,5,yacht_train_1,yacht_test_1,0.0,0.12399792671203613,0.6519838321486316,0.6569916767880623,1,-1
lr,900,5,yacht_train_2,yacht_test_2,0.0,0.16791176795959473,0.6627225991005639,0.6344021582903228,1,-1
lr,900,5,yacht_train_3,yacht_test_3,0.0,0.10414290428161621,0.6676302534724221,0.5841556426631647,1,-1
lr,900,5,yacht_train_4,yacht_test_4,0.0,0.11403179168701172,0.6529555957451982,0.6688816445813668,1,-1
streed_pwc,900,5,airfoil_train_0,airfoil_test_0,0,54.9658,0.7450632462369293,0.6513352565746524,28,23800
streed_pwc,900,5,airfoil_train_1,airfoil_test_1,0,49.5625,0.755241788392804,0.6738721355954234,32,21817
streed_pwc,900,5,airfoil_train_2,airfoil_test_2,0,43.2935,0.7620780811875881,0.6626895407567753,32,20084
streed_pwc,900,5,airfoil_train_3,airfoil_test_3,0,117.545,0.7623454619919454,0.7219958441023975,32,35654
streed_pwc,900,5,airfoil_train_4,airfoil_test_4,0,91.1665,0.7646948320892619,0.6637054954162587,32,32307
streed_pwc,900,5,auction_train_0,auction_test_0,0,22.0855,0.9720095113502003,0.9757389193756558,20,6958
streed_pwc,900,5,auction_train_1,auction_test_1,0,11.9667,0.9722619801764545,0.9744368435025594,20,5092
streed_pwc,900,5,auction_train_2,auction_test_2,0,19.9275,0.9721715716887774,0.9769374471407005,24,6836
streed_pwc,900,5,auction_train_3,auction_test_3,0,17.0962,0.9728805370282241,0.9720193452430714,20,6422
streed_pwc,900,5,auction_train_4,auction_test_4,0,22.0623,0.9725377084110483,0.9750922402725656,24,7106
streed_pwc,900,5,auto_mpg_train_0,auto_mpg_test_0,0,55.0117,0.925722234082057,0.849526131870608,22,32028
streed_pwc,900,5,auto_mpg_train_1,auto_mpg_test_1,0,28.1571,0.8531302170079444,0.8305094513656481,8,15856
streed_pwc,900,5,auto_mpg_train_2,auto_mpg_test_2,0,57.6113,0.9400040482409615,0.836318628088857,31,33265
streed_pwc,900,5,auto_mpg_train_3,auto_mpg_test_3,0,47.9192,0.9372910759021724,0.8279760174134985,32,28400
streed_pwc,900,5,auto_mpg_train_4,auto_mpg_test_4,0,31.0444,0.9376321197815313,0.7613616681650783,32,21757
streed_pwc,900,5,enb-cool_train_0,enb-cool_test_0,0,52.4903,0.9770419356342399,0.9630430468931857,32,21275
streed_pwc,900,5,enb-cool_train_1,enb-cool_test_1,0,56.9502,0.9758004936035329,0.9734659128204214,32,21214
streed_pwc,900,5,enb-cool_train_2,enb-cool_test_2,0,44.7889,0.9766423613344646,0.9645045505570602,32,18874
streed_pwc,900,5,enb-cool_train_3,enb-cool_test_3,0,53.0153,0.9757189063813189,0.9690467004417689,32,20659
streed_pwc,900,5,enb-cool_train_4,enb-cool_test_4,0,46.1055,0.9775192806014521,0.9619359404360103,32,18276
streed_pwc,900,5,enb-heat_train_0,enb-heat_test_0,0,27.1737,0.9968652792105767,0.9966538771541984,32,9136
streed_pwc,900,5,enb-heat_train_1,enb-heat_test_1,0,31.1757,0.9969760623711789,0.9960718752610263,32,10591
streed_pwc,900,5,enb-heat_train_2,enb-heat_test_2,0,29.8687,0.9969141908500488,0.996442052141839,32,9145
streed_pwc,900,5,enb-heat_train_3,enb-heat_test_3,0,30.7051,0.9967564452812079,0.9970860843382325,32,10848
streed_pwc,900,5,enb-heat_train_4,enb-heat_test_4,0,29.8013,0.9967972276203748,0.9968597663087565,32,9290
streed_pwc,900,5,optical_train_0,optical_test_0,0,4.94682,0.9797710128914365,0.6051596200980061,3,82
streed_pwc,900,5,optical_train_1,optical_test_1,0,4.42868,0.9569183582998906,0.9389700408737622,3,70
streed_pwc,900,5,optical_train_2,optical_test_2,0,3.98565,0.9965506222486898,0.9740603038032666,5,1456
streed_pwc,900,5,optical_train_3,optical_test_3,0,4.00692,0.967171499590257,0.8249298799491016,3,75
streed_pwc,900,5,optical_train_4,optical_test_4,0,6.40316,0.9999945223211637,0.9836366060655432,9,3338
streed_pwc,900,5,real-estate_train_0,real-estate_test_0,0,34.4674,0.7098787136559632,0.6830792252933215,6,15947
streed_pwc,900,5,real-estate_train_1,real-estate_test_1,0,85.8686,0.8547635130447734,0.6953131419441737,20,43901
streed_pwc,900,5,real-estate_train_2,real-estate_test_2,0,49.2169,0.8018270694754612,0.6918830269862312,11,25869
streed_pwc,900,5,real-estate_train_3,real-estate_test_3,0,122.423,0.7960795256114107,0.7339496251183042,12,49850
streed_pwc,900,5,real-estate_train_4,real-estate_test_4,0,42.4763,0.8102499927103823,0.44703601239887314,12,24508
streed_pwc,900,5,seoul-bike_train_0,seoul-bike_test_0,0,901,-1,-1,-1,-1
streed_pwc,900,5,seoul-bike_train_1,seoul-bike_test_1,0,901,-1,-1,-1,-1
streed_pwc,900,5,seoul-bike_train_2,seoul-bike_test_2,0,901,-1,-1,-1,-1
streed_pwc,900,5,seoul-bike_train_3,seoul-bike_test_3,0,901,-1,-1,-1,-1
streed_pwc,900,5,seoul-bike_train_4,seoul-bike_test_4,0,901,-1,-1,-1,-1
streed_pwc,900,5,servo_train_0,servo_test_0,0,1.60299,0.9848089717709128,0.8694043353652281,16,1753
streed_pwc,900,5,servo_train_1,servo_test_1,0,1.64648,0.9822355615259137,0.9499897398083434,14,1307
streed_pwc,900,5,servo_train_2,servo_test_2,0,1.79961,0.9862264597572423,0.8950367634451036,18,1768
streed_pwc,900,5,servo_train_3,servo_test_3,0,1.65414,0.9740566058845562,0.9032749984282382,12,1316
streed_pwc,900,5,servo_train_4,servo_test_4,0,1.74195,0.9853734703417776,0.9712741220594986,18,1576
streed_pwc,900,5,sync_train_0,sync_test_0,0,10.2367,0.9903581600049058,0.9870104555395911,24,11281
streed_pwc,900,5,sync_train_1,sync_test_1,0,7.24892,0.9875772173529188,0.986090648656405,11,7731
streed_pwc,900,5,sync_train_2,sync_test_2,0,8.8618,0.9901617179953317,0.9896395010826861,23,13704
streed_pwc,900,5,sync_train_3,sync_test_3,0,11.296,0.9904787126463462,0.9866063038059049,25,13122
streed_pwc,900,5,sync_train_4,sync_test_4,0,12.7661,0.9882509979701717,0.985406619536736,12,11128
streed_pwc,900,5,yacht_train_0,yacht_test_0,0,19.9784,0.9988063071151565,0.9702250297758532,26,16602
streed_pwc,900,5,yacht_train_1,yacht_test_1,0,26.6057,0.9932111364295897,0.9900708990446084,10,15227
streed_pwc,900,5,yacht_train_2,yacht_test_2,0,22.2044,0.9957036081970622,0.9923075297376582,14,16598
streed_pwc,900,5,yacht_train_3,yacht_test_3,0,23.7008,0.9936725856834122,0.9922756720319938,10,14743
streed_pwc,900,5,yacht_train_4,yacht_test_4,0,25.1312,0.9987637166799269,0.9895402161054841,27,20174
streed_pwl,900,4,airfoil_train_0,airfoil_test_0,0,510.048,0.9001475626899013,0.8689492422763807,15,0
streed_pwl,900,4,airfoil_train_1,airfoil_test_1,0,418.79,0.9084355384529285,0.8901180379594134,15,0
streed_pwl,900,4,airfoil_train_2,airfoil_test_2,0,357.14,0.9156383872603078,0.8925692203246185,15,0
streed_pwl,900,4,airfoil_train_3,airfoil_test_3,0,777.162,0.9205146554108373,0.899117595787081,15,0
streed_pwl,900,4,airfoil_train_4,airfoil_test_4,0,599.666,0.9167519868561318,0.880295415569336,16,0
streed_pwl,900,4,auction_train_0,auction_test_0,0,61.4543,0.9036327639678452,0.9087055508174812,6,0
streed_pwl,900,4,auction_train_1,auction_test_1,0,38.8245,0.9109154245875329,0.9024722303633941,8,0
streed_pwl,900,4,auction_train_2,auction_test_2,0,55.1731,0.9080620710479727,0.8890927951218517,10,0
streed_pwl,900,4,auction_train_3,auction_test_3,0,46.0639,0.9182430229316739,0.8679209171158474,6,0
streed_pwl,900,4,auction_train_4,auction_test_4,0,58.2534,0.9095009016241888,0.9040319120403946,6,0
streed_pwl,900,4,auto_mpg_train_0,auto_mpg_test_0,0,0.168978,0.877814804092332,0.8555667825288953,2,0
streed_pwl,900,4,auto_mpg_train_1,auto_mpg_test_1,0,0.130812,0.8793899357736448,0.8399750049127656,2,0
streed_pwl,900,4,auto_mpg_train_2,auto_mpg_test_2,0,0.191121,0.878368291816326,0.8569756006777376,2,0
streed_pwl,900,4,auto_mpg_train_3,auto_mpg_test_3,0,0.164421,0.8780670869570821,0.8497110506219827,2,0
streed_pwl,900,4,auto_mpg_train_4,auto_mpg_test_4,0,0.143587,0.8846070721035856,0.808466988651907,2,0
streed_pwl,900,4,enb-cool_train_0,enb-cool_test_0,0,4.63779,0.955272760955592,0.9547977369988834,5,0
streed_pwl,900,4,enb-cool_train_1,enb-cool_test_1,0,4.6971,0.9633776311385369,0.9662116103694928,6,0
streed_pwl,900,4,enb-cool_train_2,enb-cool_test_2,0,4.28232,0.9637532515885051,0.9587994815619257,5,0
streed_pwl,900,4,enb-cool_train_3,enb-cool_test_3,0,4.40826,0.9681493863981446,0.956456571392563,6,0
streed_pwl,900,4,enb-cool_train_4,enb-cool_test_4,0,3.23479,0.9633762095537348,0.9620956585750565,5,0
streed_pwl,900,4,enb-heat_train_0,enb-heat_test_0,0,1.4863,0.9841084063117282,0.9849982683399161,5,0
streed_pwl,900,4,enb-heat_train_1,enb-heat_test_1,0,0.621911,0.9700147352637095,0.9657897276879625,2,0
streed_pwl,900,4,enb-heat_train_2,enb-heat_test_2,0,1.34675,0.9841322784340186,0.984080221846707,5,0
streed_pwl,900,4,enb-heat_train_3,enb-heat_test_3,0,1.11228,0.970019846431912,0.9659783550877679,2,0
streed_pwl,900,4,enb-heat_train_4,enb-heat_test_4,0,1.37918,0.9835040014294598,0.9868787574792298,5,0
streed_pwl,900,4,optical_train_0,optical_test_0,0,3.31334,0.7359825146670935,0.7828963133468324,5,0
streed_pwl,900,4,optical_train_1,optical_test_1,0,8.29228,0.8718412146187408,0.9428374018648054,5,0
streed_pwl,900,4,optical_train_2,optical_test_2,0,5.94177,0.1163538710243549,0.11674661036656586,2,0
streed_pwl,900,4,optical_train_3,optical_test_3,0,3.42383,0.15106409443506597,0.11026419512621521,2,0
streed_pwl,900,4,optical_train_4,optical_test_4,0,2.20614,0.06042828621343399,0.03470302667376657,2,0
streed_pwl,900,4,real-estate_train_0,real-estate_test_0,0,0.77439,0.6703965775177452,0.7038245599590254,2,0
streed_pwl,900,4,real-estate_train_1,real-estate_test_1,0,1.06492,0.6591993782066304,0.7730922744309319,2,0
streed_pwl,900,4,real-estate_train_2,real-estate_test_2,0,0.66177,0.6708459523400004,0.5987239113706411,2,0
streed_pwl,900,4,real-estate_train_3,real-estate_test_3,0,0.955303,0.6563661847849094,0.6446657343907348,2,0
streed_pwl,900,4,real-estate_train_4,real-estate_test_4,0,0.780877,0.7372293088489525,0.4822810479635482,2,0
streed_pwl,900,4,seoul-bike_train_0,seoul-bike_test_0,0,901,-1,-1,-1,-1
streed_pwl,900,4,seoul-bike_train_1,seoul-bike_test_1,0,901,-1,-1,-1,-1
streed_pwl,900,4,seoul-bike_train_2,seoul-bike_test_2,0,901,-1,-1,-1,-1
streed_pwl,900,4,seoul-bike_train_3,seoul-bike_test_3,0,901,-1,-1,-1,-1
streed_pwl,900,4,seoul-bike_train_4,seoul-bike_test_4,0,901,-1,-1,-1,-1
streed_pwl,900,4,servo_train_0,servo_test_0,0,0.177523,0.6649442511803463,0.4174955510270071,2,0
streed_pwl,900,4,servo_train_1,servo_test_1,0,0.196213,0.6349699618365922,0.4652240486654807,2,0
streed_pwl,900,4,servo_train_2,servo_test_2,0,0.227387,0.6283846581777246,0.5048175914801889,2,0
streed_pwl,900,4,servo_train_3,servo_test_3,0,0.180675,0.6125294005131543,0.5768726536102293,2,0
streed_pwl,900,4,servo_train_4,servo_test_4,0,0.17522,0.5930422685948047,0.664884457595561,2,0
streed_pwl,900,4,sync_train_0,sync_test_0,0,11.1174,0.9999992245034564,0.9999992182751918,1,0
streed_pwl,900,4,sync_train_1,sync_test_1,0,16.9988,0.9999993237016818,0.9999994239036458,1,0
streed_pwl,900,4,sync_train_2,sync_test_2,0,15.9551,0.9999992192275299,0.9999990934450774,1,0
streed_pwl,900,4,sync_train_3,sync_test_3,0,14.7188,0.9999992564205387,0.9999993149255539,1,0
streed_pwl,900,4,sync_train_4,sync_test_4,0,13.4827,0.9998996607263664,0.999897943260057,1,0
streed_pwl,900,4,yacht_train_0,yacht_test_0,0,0.110792,0.9872806277834656,0.9784744462194623,2,0
streed_pwl,900,4,yacht_train_1,yacht_test_1,0,0.095484,0.9863928175408392,0.986578981065188,2,0
streed_pwl,900,4,yacht_train_2,yacht_test_2,0,0.127959,0.987591129633704,0.9806095289386385,2,0
streed_pwl,900,4,yacht_train_3,yacht_test_3,0,0.09802,0.986177830062471,0.986971541806706,2,0
streed_pwl,900,4,yacht_train_4,yacht_test_4,0,0.106779,0.884435781843573,0.8909061940806494,2,0
